0	setting up port in Elm to get ports working in Browser.application
1	Alternative useful debugging tools to Time Traveling Debugger
2	clj-http with array structure
3	Clojure 19 stability for production
4	decode json object
5	difference between anonymous and partial function in clojure
6	Elm OnInput listener not working
7	getting value from return statement in function
8	Good integrated editor for cursive code in clojure
9	help to understand and debug regex
10	How SPA and non-SPA use ELM ?
11	how to check passed value string or empty list
12	How to connect and access sql file using python
13	How to install ELM using linux command
14	how to structure python application for QR
15	Install compatible http version with elm packages
16	Is elm server/standalone language
17	Issues with uploading files on Elm
18	learning matrial for pattren design in elm
19	Learning to program in Elm Programming Language
20	Line by line file parsing and streaming in clojure
21	list destructuring syntax in elm
22	mutating variables through for loop
23	parsing xml data using xml.etree
24	port database inegration with CRUD application
25	Practicing Python list and dict
26	Pyenv and virtualenv in python
27	Recursive method for finding equivalent lists in elm
28	Removing subscriptions in elm app
29	Safe atomic instruction for multithreading in Clojure
30	Switch to another user while executing python script using os.setuid
31	the possiblity of tracking created files in windows
32	Using initialModel with Browser.sandbox
33	using mod_wsgi with pythom3
34	Wrapping and parsing lines using multi-cursor
35	How to add and localize languages within elm app
36	Meaning of hash # in clojure program
37	Slack channel for JavaFX with clojure
38	Initial documentation for dependency conflicts in clojure
